word,zipf,first,last
young,5.43,y,g
human,5.35,h,n
dog,5.10,d,g
entire,5.09,e,e
female,5.00,f,e
fish,4.90,f,h
male,4.89,m,e
queen,4.86,q,n
royal,4.85,r,l
tom,4.83,t,m
adult,4.80,a,t
cat,4.78,c,t
horse,4.76,h,e
fly,4.75,f,y
bear,4.71,b,r
fox,4.66,f,x
bird,4.63,b,d
chicken,4.63,c,n
giant,4.62,g,t
humans,4.61,h,s
chat,4.57,c,t
turkey,4.56,t,y
mate,4.55,m,e
mount,4.47,m,t
pet,4.45,p,t
arab,4.39,a,b
cricket,4.39,c,t
jay,4.38,j,y
wolf,4.35,w,f
bull,4.34,b,l
billy,4.33,b,y
robin,4.33,r,n
mouse,4.31,m,e
bat,4.30,b,t
tiger,4.30,t,r
beef,4.29,b,f
emperor,4.25,e,r
lion,4.25,l,n
spider,4.25,s,r
ai,4.23,a,i
snake,4.23,s,e
duck,4.21,d,k
bug,4.20,b,g
sheep,4.19,s,p
rat,4.17,r,t
cattle,4.15,c,e
swift,4.15,s,t
welsh,4.15,w,h
buffalo,4.14,b,o
cow,4.14,c,w
pig,4.14,p,g
eagle,4.13,e,e
deer,4.12,d,r
shark,4.10,s,k
bee,4.09,b,e
drill,4.09,d,l
chick,4.08,c,k
elephant,4.08,e,t
lucy,4.07,l,y
monkey,4.07,m,y
sierra,4.06,s,a
rabbit,4.05,r,t
hart,4.04,h,t
goat,4.02,g,t
lamb,4.02,l,b
hampshire,4.01,h,e
salmon,4.01,s,n
admiral,4.00,a,l
drone,4.00,d,e
puppy,4.00,p,y
survivor,4.00,s,r
kitty,3.98,k,y
prey,3.98,p,y
drake,3.96,d,e
butterfly,3.93,b,y
cows,3.93,c,s
turtle,3.91,t,e
cod,3.89,c,d
frog,3.89,f,g
jenny,3.89,j,y
bunny,3.88,b,y
mankind,3.88,m,d
molly,3.87,m,y
owl,3.87,o,l
ant,3.86,a,t
devon,3.84,d,n
doe,3.84,d,e
goose,3.84,g,e
swan,3.84,s,n
livestock,3.83,l,k
bot,3.82,b,t
hawk,3.81,h,k
pony,3.81,p,y
crow,3.80,c,w
tick,3.80,t,k
raven,3.79,r,n
shrimp,3.79,s,p
durham,3.78,d,m
penguin,3.78,p,n
python,3.78,p,n
trout,3.78,t,t
dinosaur,3.77,d,r
worm,3.77,w,m
crab,3.76,c,b
insect,3.76,i,t
falcon,3.74,f,n
skate,3.74,s,e
stray,3.74,s,y
das,3.73,d,s
steer,3.72,s,r
calf,3.71,c,f
predator,3.71,p,r
captive,3.70,c,e
brent,3.69,b,t
squirrel,3.69,s,l
dolphin,3.67,d,n
dove,3.67,d,e
snail,3.67,s,l
hare,3.66,h,e
lobster,3.65,l,r
panda,3.65,p,a
panther,3.65,p,r
camel,3.64,c,l
charger,3.64,c,r
kitten,3.64,k,n
pup,3.64,p,p
tuna,3.64,t,a
angus,3.63,a,s
lizard,3.63,l,d
argentine,3.62,a,e
donkey,3.62,d,y
gorilla,3.62,g,a
homo,3.61,h,o
moose,3.61,m,e
mosquito,3.61,m,o
pigeon,3.61,p,n
stint,3.61,s,t
fetus,3.60,f,s
mare,3.60,m,e
quarry,3.60,q,y
weaver,3.60,w,r
barker,3.59,b,r
brit,3.59,b,t
leopard,3.59,l,d
nanny,3.59,n,y
mustang,3.58,m,g
colt,3.57,c,t
hog,3.57,h,g
rhino,3.57,r,o
springer,3.57,s,r
hen,3.56,h,n
finch,3.55,f,h
oyster,3.54,o,r
poultry,3.54,p,y
sawyer,3.54,s,r
arabian,3.53,a,n
beetle,3.53,b,e
cobra,3.51,c,a
jaguar,3.51,j,r
ling,3.51,l,g
hind,3.50,h,d
kangaroo,3.50,k,o
moth,3.50,m,h
cisco,3.49,c,o
crocodile,3.49,c,e
cub,3.49,c,b
elk,3.49,e,k
parrot,3.49,p,t
ape,3.48,a,e
badger,3.48,b,r
blackburn,3.48,b,n
herring,3.48,h,g
sparrow,3.48,s,w
char,3.47,c,r
ox,3.47,o,x
shire,3.47,s,e
feeder,3.46,f,r
octopus,3.46,o,s
serpent,3.46,s,t
slater,3.46,s,r
swine,3.46,s,e
mara,3.45,m,a
racer,3.45,r,r
secretariat,3.45,s,t
mule,3.44,m,e
peacock,3.44,p,k
squid,3.44,s,d
wolverine,3.44,w,e
chow,3.43,c,w
hound,3.43,h,d
sire,3.43,s,e
flea,3.42,f,a
merlin,3.42,m,n
bullock,3.41,b,k
diver,3.41,d,r
mammoth,3.40,m,h
zebra,3.40,z,a
bulldog,3.38,b,g
caterpillar,3.38,c,r
cougar,3.38,c,r
newfoundland,3.38,n,d
phoebe,3.38,p,e
sow,3.38,s,w
otter,3.37,o,r
scorpion,3.37,s,n
affirmed,3.36,a,d
coyote,3.36,c,e
galloway,3.36,g,y
catfish,3.35,c,h
mina,3.35,m,a
wasp,3.35,w,p
cornish,3.34,c,h
embryo,3.34,e,o
ridley,3.34,r,y
sturgeon,3.34,s,n
toad,3.34,t,d
canine,3.33,c,e
doggy,3.33,d,y
dun,3.33,d,n
maverick,3.33,m,k
alligator,3.32,a,r
giraffe,3.32,g,e
reindeer,3.32,r,r
hamster,3.31,h,r
mammal,3.31,m,l
rooster,3.31,r,r
viper,3.31,v,r
boar,3.30,b,r
piggy,3.30,p,y
spat,3.30,s,t
husky,3.29,h,y
nightingale,3.29,n,e
goldfish,3.28,g,h
grizzly,3.28,g,y
liza,3.28,l,a
tinker,3.28,t,r
comma,3.27,c,a
raccoon,3.27,r,n
bison,3.26,b,n
fitch,3.26,f,h
tortoise,3.26,t,e
hedgehog,3.25,h,g
jellyfish,3.25,j,h
reptile,3.25,r,e
snowflake,3.25,s,e
stag,3.25,s,g
teal,3.25,t,l
stallion,3.24,s,n
terrier,3.24,t,r
clegg,3.23,c,g
eel,3.23,e,l
newt,3.23,n,t
pollard,3.23,p,d
pollock,3.23,p,k
redhead,3.23,r,d
rudd,3.23,r,d
clam,3.22,c,m
puma,3.22,p,a
cardigan,3.21,c,n
chihuahua,3.21,c,a
dominique,3.21,d,e
slider,3.21,s,r
takin,3.21,t,n
ani,3.20,a,i
cheetah,3.20,c,h
partridge,3.20,p,e
rodent,3.20,r,t
cayman,3.19,c,n
gator,3.19,g,r
mammalian,3.19,m,n
watchdog,3.19,w,g
weasel,3.19,w,l
boa,3.18,b,a
britt,3.18,b,t
carp,3.18,c,p
nag,3.18,n,g
vulture,3.18,v,e
greyhound,3.17,g,d
leech,3.17,l,h
cockroach,3.16,c,h
hackney,3.16,h,y
whistler,3.16,w,r
filly,3.15,f,y
hogg,3.15,h,g
hornet,3.15,h,t
mink,3.15,m,k
raptor,3.15,r,r
shellfish,3.15,s,h
cuckoo,3.14,c,o
grouse,3.14,g,e
lark,3.14,l,k
firefly,3.13,f,y
hippo,3.13,h,o
quail,3.13,q,l
shetland,3.13,s,d
adjutant,3.12,a,t
dobson,3.12,d,n
feline,3.12,f,e
grub,3.12,g,b
pinto,3.12,p,o
yak,3.12,y,k
cyclops,3.11,c,s
daw,3.11,d,w
hereford,3.11,h,d
humankind,3.11,h,d
mantis,3.11,m,s
pug,3.11,p,g
chameleon,3.10,c,n
dory,3.10,d,y
flicker,3.10,f,r
medusa,3.10,m,a
rook,3.10,r,k
sloth,3.10,s,h
heron,3.09,h,n
wren,3.09,w,n
antelope,3.08,a,e
guernsey,3.08,g,y
mackerel,3.08,m,l
viceroy,3.08,v,y
whiting,3.08,w,g
equine,3.07,e,e
pelican,3.07,p,n
pembroke,3.07,p,e
beagle,3.06,b,e
brill,3.06,b,l
coney,3.06,c,y
flamingo,3.06,f,o
impala,3.06,i,a
lynx,3.06,l,x
wildcat,3.06,w,t
argus,3.05,a,s
asp,3.05,a,p
ayrshire,3.05,a,e
emu,3.05,e,u
ostrich,3.05,o,h
ruff,3.05,r,f
bunting,3.04,b,g
cob,3.04,c,b
gnu,3.04,g,u
koala,3.04,k,a
merle,3.04,m,e
snipe,3.04,s,e
dragonfly,3.03,d,y
gosling,3.03,g,g
grasshopper,3.03,g,r
maltese,3.03,m,e
pheasant,3.03,p,t
puss,3.03,p,s
starling,3.03,s,g
moray,3.02,m,y
poodle,3.02,p,e
seagull,3.02,s,l
bovine,3.01,b,e
ferret,3.01,f,t
marlin,3.01,m,n
parr,3.01,p,r
rhea,3.01,r,a
solitaire,3.01,s,e
doggie,3.00,d,e
fowl,3.00,f,l
gull,3.00,g,l
locust,3.00,l,t
mew,3.00,m,w
starfish,3.00,s,h
